{
  "rel_l2_error": 0.13929429583124153,
  "adam_loss_final": 0.002115128329023719,
  "lbfgs_loss_final": 0.0005762966466136277
}