{
  "nu": 0.003183098861837907,
  "l2_error": 0.037711301505398975,
  "max_abs_error": 0.6238234212021362,
  "mean_abs_error": 0.008151614034618867,
  "final_loss": 0.00011265753710176796,
  "final_pde_loss": 7.896177703514695e-05,
  "final_ic_loss": 3.2899912184802815e-05,
  "final_bc_loss": 7.958478818181902e-07,
  "total_iterations": 6140
}